<?xml version='1.0' encoding='UTF-8'?>
<types:mule xmlns:types="http://www.mulesoft.org/schema/mule/types">
  <types:catalog>
    <types:type name="auto_cb7a5c9d-4099-4e16-ad1f-0fce2c51915e_Input-Variables-httpStatus" format="java">
      <types:shape format="raml" autogeneratedOrigin="28dfb61b-675b-427c-829e-ba59f8539057"><![CDATA[#%RAML 1.0 DataType
type: string]]></types:shape>
    </types:type>
    <types:type name="auto_cb7a5c9d-4099-4e16-ad1f-0fce2c51915e_Output-Payload" format="java">
      <types:shape format="weave" example="weave/autogenerated/cb7a5c9d-4099-4e16-ad1f-0fce2c51915e/Output-Payload.wev" autogeneratedOrigin="28dfb61b-675b-427c-829e-ba59f8539057"><![CDATA[%dw 2.0

type auto_cb7a5c9d_4099_4e16_ad1f_0fce2c51915e_Output_Payload = Any

]]></types:shape>
    </types:type>
    <types:type name="auto_cb7a5c9d-4099-4e16-ad1f-0fce2c51915e_Output-Attributes" format="java">
      <types:shape format="weave" example="weave/autogenerated/cb7a5c9d-4099-4e16-ad1f-0fce2c51915e/Output-Attributes.wev" autogeneratedOrigin="28dfb61b-675b-427c-829e-ba59f8539057"><![CDATA[%dw 2.0

type auto_cb7a5c9d_4099_4e16_ad1f_0fce2c51915e_Output_Attributes = Null

]]></types:shape>
    </types:type>
    <types:type name="auto_cb7a5c9d-4099-4e16-ad1f-0fce2c51915e_Input-Payload" format="java">
      <types:shape format="weave" example="weave/autogenerated/cb7a5c9d-4099-4e16-ad1f-0fce2c51915e/Input-Payload.wev" autogeneratedOrigin="28dfb61b-675b-427c-829e-ba59f8539057"><![CDATA[%dw 2.0

type auto_cb7a5c9d_4099_4e16_ad1f_0fce2c51915e_Input_Payload = Any

]]></types:shape>
    </types:type>
    <types:type name="auto_cb7a5c9d-4099-4e16-ad1f-0fce2c51915e_Output-Variables-httpStatus" format="java">
      <types:shape format="raml" autogeneratedOrigin="28dfb61b-675b-427c-829e-ba59f8539057"><![CDATA[#%RAML 1.0 DataType
type: string]]></types:shape>
    </types:type>
    <types:type name="auto_cb7a5c9d-4099-4e16-ad1f-0fce2c51915e_Input-Attributes" format="java">
      <types:shape format="weave" example="weave/autogenerated/cb7a5c9d-4099-4e16-ad1f-0fce2c51915e/Input-Attributes.wev" autogeneratedOrigin="28dfb61b-675b-427c-829e-ba59f8539057"><![CDATA[%dw 2.0

type auto_cb7a5c9d_4099_4e16_ad1f_0fce2c51915e_Input_Attributes = {|
  clientCertificate?: {|
    publicKey?: {|  |}, 
    "type"?: String, 
    encoded?: Binary
  |}, 
  headers: {|  |}, 
  listenerPath: String, 
  method: String, 
  queryParams: {|  |}, 
  queryString: String, 
  relativePath: String, 
  remoteAddress: String, 
  requestPath: String, 
  requestUri: String, 
  scheme: String, 
  uriParams: {|  |}, 
  version: String, 
  localAddress: String
|}

]]></types:shape>
    </types:type>
    <types:type name="auto_cb7a5c9d-4099-4e16-ad1f-0fce2c51915e_Input-Variables-outboundHeaders" format="java">
      <types:shape format="weave" example="weave/autogenerated/cb7a5c9d-4099-4e16-ad1f-0fce2c51915e/Input-Variables-outboundHeaders.wev" autogeneratedOrigin="28dfb61b-675b-427c-829e-ba59f8539057"><![CDATA[%dw 2.0

type auto_cb7a5c9d_4099_4e16_ad1f_0fce2c51915e_Input_Variables_outboundHeaders = {|  |}

]]></types:shape>
    </types:type>
    <types:type name="auto_cb7a5c9d-4099-4e16-ad1f-0fce2c51915e_Output-Variables-outboundHeaders" format="java">
      <types:shape format="weave" example="weave/autogenerated/cb7a5c9d-4099-4e16-ad1f-0fce2c51915e/Output-Variables-outboundHeaders.wev" autogeneratedOrigin="28dfb61b-675b-427c-829e-ba59f8539057"><![CDATA[%dw 2.0

type auto_cb7a5c9d_4099_4e16_ad1f_0fce2c51915e_Output_Variables_outboundHeaders = {|  |}

]]></types:shape>
    </types:type>
  </types:catalog>
  <types:enrichment select="#cb7a5c9d-4099-4e16-ad1f-0fce2c51915e">
    <types:processor-declaration>
      <types:input-event>
        <types:message>
          <types:payload type="auto_cb7a5c9d-4099-4e16-ad1f-0fce2c51915e_Input-Payload"/>
          <types:attributes type="auto_cb7a5c9d-4099-4e16-ad1f-0fce2c51915e_Input-Attributes"/>
        </types:message>
        <types:variables>
          <types:variable name="outboundHeaders" type="auto_cb7a5c9d-4099-4e16-ad1f-0fce2c51915e_Input-Variables-outboundHeaders"/>
          <types:variable name="httpStatus" type="auto_cb7a5c9d-4099-4e16-ad1f-0fce2c51915e_Input-Variables-httpStatus"/>
        </types:variables>
      </types:input-event>
      <types:output-event>
        <types:message>
          <types:payload type="auto_cb7a5c9d-4099-4e16-ad1f-0fce2c51915e_Output-Payload"/>
          <types:attributes type="auto_cb7a5c9d-4099-4e16-ad1f-0fce2c51915e_Output-Attributes"/>
        </types:message>
        <types:variables>
          <types:variable name="outboundHeaders" type="auto_cb7a5c9d-4099-4e16-ad1f-0fce2c51915e_Output-Variables-outboundHeaders"/>
          <types:variable name="httpStatus" type="auto_cb7a5c9d-4099-4e16-ad1f-0fce2c51915e_Output-Variables-httpStatus"/>
        </types:variables>
      </types:output-event>
    </types:processor-declaration>
  </types:enrichment>
  <types:enrichment select="#98d7527f-f24e-48a5-83a3-4cb30d1258f4"/>
</types:mule>